id,title,context,decision,consequences,lifecycle_status,disposition,disposition_reason_ref,superseded_by,source_kind,source_span,custom_attributes,last_referenced
ADR-0001,ADR-0001: Modular Monolith as Macro-Architecture,"ACMP is a focused, auditable, bilingual governance tool for a single Architecture Committee. Scale is on-prem, ≤20 total users, low traffic, single delivery team. A macro-architecture decision is required before module boundaries, inter-module communication rules, and deployment can be specified. The wrong choice here drives every downstream structural decision.","Chosen option: ""Modular monolith"", because the scale (≤20 users, single team, on-prem VM) makes microservices operational overhead unjustifiable, and a layered monolith provides no enforced isolation and would couple unrelated domains (audit, voting, search) in ways that invite future pain. Modules map one-to-one with bounded contexts; they communicate only via in-process public contracts (interfaces / MediatR notifications) and never read each other's tables directly.

### Consequences

- Good: minimal operational overhead; single deployment unit (Docker Compose); one EF Core migration set; full-stack debugging without distributed tracing between services; well-understood pattern in .NET; can extract a module to a service later if usage changes.
- Bad / trade-off: no network-level isolation between modules (a bug in one module can crash all); if scale increases dramatically (>20×), decomposition requires non-trivial refactoring. Discipline is required to enforce module boundaries — violations are not caught by the compiler without a custom Roslyn analyzer or ArchUnit-equivalent.",,Approved,,,,,,"{""v1"": {""front_matter"": {}}}",
ADR-0002,ADR-0002: .NET 8 + ASP.NET Core + Clean Architecture + Vertical Slice + EF Core + REST,"Given the modular-monolith decision (ADR-0001), the backend technology stack and intra-module structural pattern must be chosen. The platform handles sensitive governance data (votes, decisions, audit) and must be maintainable long-term by a single .NET team within an organization whose broader tech estate is .NET.","Chosen option: "".NET 8 + ASP.NET Core + Clean Architecture per module + vertical-slice (MediatR) + EF Core + REST"", because it aligns with org expertise, is LTS-stable, and provides layered testability (domain logic isolated from EF Core and HTTP) while keeping each use case self-contained. MediatR pipeline behaviors handle cross-cutting concerns (validation, logging, authorization, outbox) uniformly without repeating them in controllers.

### Consequences

- Good: domain and application layers are fully unit-testable without a running database; EF Core migrations are automated and reviewable; MediatR pipeline behaviors enforce consistent cross-cutting logic; REST is universally understood by API consumers; LTS lifecycle gives multi-year support stability.
- Bad / trade-off: MediatR adds an indirection layer that beginners find opaque; Clean Architecture enforces strict layer boundaries which produce more files per feature than a simple CRUD approach; EF Core's change tracker can be a footgun if developers mix tracked/untracked entities carelessly — requires code-review attention.",,Approved,,,,,,"{""v1"": {""front_matter"": {}}}",
ADR-0003,ADR-0003: Microsoft SQL Server as the Single Datastore,"ACMP needs a datastore for transactional data (topics, votes, decisions, actions, audit), search (full-text across topics/docs/transcripts), reporting/dashboard analytics, and traceability graph traversal. The question is whether one datastore is sufficient or whether a second (search engine, analytics DB, graph DB) is needed from the start.","Chosen option: ""SQL Server only"", because at ≤20 users and low traffic, SQL Server's FTS, columnstore indexes, native JSON support, and recursive CTE graph traversal are demonstrably sufficient without a second datastore. Adding OpenSearch or any other engine introduces a consistency boundary (dual-write or CDC), an additional container, and additional backup complexity — costs that are not justified by any measured requirement. If FTS is outgrown (evidence: unacceptably slow queries or search quality complaints at scale), the platform will stand up its own self-hosted OpenSearch container (app-owned, never the org's ELK cluster). [Basis: §5.6 — airbyte/influxdata/medium comparisons; ""From ElasticSearch back to SQL Server"" (mauridb)]

### Consequences

- Good: one backup/restore target; one migration pipeline; one monitoring obligation; no dual-write complexity; simpler disaster-recovery; native JSON column support handles Tarseem spec storage and flexible metadata.
- Bad / trade-off: SQL Server FTS is weaker than Elasticsearch on fuzzy matching, typo tolerance, and autocomplete. Arabic word-breaking quality must be validated (see Validation). If search requirements grow, migration to a hybrid approach (SQL + self-hosted OpenSearch) requires adding a dual-write outbox or CDC — this is non-trivial to retrofit.",,Approved,,,,,,"{""v1"": {""front_matter"": {}}}",
ADR-0004,ADR-0004: Keycloak (OIDC) as Identity Provider,"ACMP is a high-sensitivity governance tool. It needs SSO (committee members must not manage a separate ACMP password), role-based authorization (Chairman, Secretary, Member, Reviewer, Auditor, Administrator, Submitter, Guest/Presenter), and controlled onboarding (no self-registration). The organization is mid-migration from an internal auth service to Keycloak.","Chosen option: ""Keycloak OIDC (authorization-code + PKCE)"", because the organization mandates SSO via Keycloak, ACMP must not own an IdP, and Keycloak's group/realm-role claim mechanism cleanly maps to the ACMP canonical role set without building a custom authorization server. PKCE ensures the authorization-code flow is secure for SPA/BFF usage.

### Consequences

- Good: no password management in ACMP; SSO for committee members; Keycloak's MFA, session management, and account lifecycle are inherited; roles are centrally managed by Keycloak admins; ACMP token validation is a standard ASP.NET Core JWT middleware configuration.
- Bad / trade-off: ACMP has a runtime dependency on the Keycloak server being available (if Keycloak is down, ACMP login fails). Mitigate: token validation is local (JWT signature + expiry check); existing sessions continue until token expiry. Role changes in Keycloak take effect at next token refresh — there is a window of up to token TTL where stale roles are honoured. Keycloak group/role schema changes must be coordinated with ACMP role-mapping configuration.",,Approved,,,,,,"{""v1"": {""front_matter"": {}}}",
ADR-0005,ADR-0005: Notification Channel Abstraction (INotificationChannel),"ACMP needs to notify committee members of meeting reminders, action due-dates, vote openings, and status changes. The notification landscape is uncertain: no SMTP relay is available in v1, the organization has a centralized notification platform (Email/SMS/Firebase) that ACMP must not depend on (CON-001), and Webex integration is desirable but complex (see §5.3 — rate limits, Webex Assistant requirement for transcripts, Adaptive Cards). A design that hard-codes any single channel creates coupling that will be expensive to change.","Chosen option: ""`INotificationChannel` abstraction with in-app notification center as the v1 channel"", because it eliminates external runtime dependencies in v1, meets the delivery deadline, and allows Webex and future channels to be added as pluggable adapters in Phase 2 without touching notification business logic. The in-app center provides a persistent, auditable notification history that Webex push alone would not.

### Consequences

- Good: v1 has zero external notification dependencies; notification logic is testable with a mock channel; in-app center doubles as a notification history/audit trail; adding Webex in Phase 2 is a new `INotificationChannel` implementation + Hangfire job, not a refactor; abstraction prevents org-platform coupling.
- Bad / trade-off: committee members who expect push notifications (email, Webex) in v1 will find the in-app center less immediate — this is a known gap and a product decision (Phase 2 addresses it). The in-app center requires the user to open ACMP to see notifications; there is no out-of-band delivery in v1.",,Approved,,,,,,"{""v1"": {""front_matter"": {}}}",
ADR-0006,ADR-0006: Tarseem as Containerized Render Sidecar (JSON Spec = Source of Truth),"ACMP topics, ADRs, and architectural decisions require architecture diagrams (C4, flowchart, sequence, deployment, ER, etc.) as first-class artifacts, not just file attachments. The question is whether to build a diagram engine, adopt a third-party SaaS (Lucidchart, draw.io cloud), or integrate an existing engine already in the organization's orbit.","Chosen option: ""Tarseem as containerized render sidecar; JSON spec as the version-controlled source of truth"", because Tarseem is the only available engine covering the required diagram families with Arabic/RTL support, a machine-readable agent surface, and a deterministic spec-hash-traceable output. The sidecar pattern keeps Tarseem's Python + Chromium dependency isolated from the .NET application container. The JSON spec stored in SQL is the canonical artifact; generated SVG/PNG/PDF/draw.io/PPTX are derived outputs attached via the relationship model.

### Consequences

- Good: no diagram engine to build; 11 diagram families available on day one of Phase 2; Arabic/RTL diagrams work without workarounds; spec-diff enables diagram history and change review; generated artifacts carry spec hash for traceability; sidecar isolation means Tarseem failures do not crash the .NET app; `tarseem doctor` provides a health-check endpoint.
- Bad / trade-off: adds a Python + Chromium container to the Docker Compose stack (image size, startup time, Chromium memory for raster); Tarseem is v1.0.0 (released 2026-06-17 [unverified for latest patch]) — adopting at v1.0 means being an early adopter; schema version lock at v1.0 means migration tooling (`tarseem migrate`) must be used if schema evolves. ACMP must implement a thin internal HTTP wrapper (not a public API) around `tarseem.generate()`.",,Approved,,,,,,"{""v1"": {""front_matter"": {}}}",
ADR-0007,"ADR-0007: Keystone as Optional Companion (Not Embedded, Not a Hard Dependency)","Keystone (`github.com/A-H-911/keystone`) is a Claude Code plugin that turns a project description into an execution-ready planning and handoff package (research missions, findings, recommendations, requirements, risks, decisions, traceability matrix). The ACMP domain includes a Research module for `ResearchDiscovery` topics. The question is how tightly Keystone integrates with ACMP: embedded service, hard dependency, or optional enhancement.","Chosen option: ""Keystone OPTIONAL — Research module fully standalone; import Keystone outputs; adopt ID scheme"", because Keystone is a facilitated authoring workflow, not a runtime service, and the Research module must be independently usable. When a team runs a Keystone package for a `ResearchDiscovery` topic, ACMP imports the structured manifest (requirements, decisions, risks, acceptance criteria, traceability matrix) as first-class domain artifacts (Research Mission → Finding → Recommendation entities) and stores a reference/link to the Keystone package. ACMP adopts Keystone's identifier scheme and quality-gate philosophy platform-wide.

### Consequences

- Good: Research module launches on day one without any Keystone dependency; Keystone becomes a value-add for teams doing rigorous research discovery; imported artifacts are first-class (queryable, traceable, linked to topics); identifier scheme consistency across the platform and any Keystone packages produced; no Anthropic/Claude Code runtime coupling.
- Bad / trade-off: import mapping (Keystone output schema → ACMP domain entities) must be defined and maintained; if Keystone's output schema changes between versions, the import adapter needs updating. Teams using Keystone plus ACMP need a clear documented workflow (run Keystone → export manifest → import into ACMP topic) — this is a process gap, not a technical one.",,Approved,,,,,,"{""v1"": {""front_matter"": {}}}",
ADR-0008,ADR-0008: Typed Directed Relationship Edges as the Traceability Model,"ACMP must support end-to-end traceability across its domain entities: Topics link to Meetings, Decisions, Actions, ADRs, Risks, Dependencies, Diagrams, Documents, Research Missions, and Architecture Invariants. Impact analysis (""what is affected if this system changes?"") requires traversing these links. The design question is whether to use a shared identity scheme over a flat artifact table, a dedicated graph database, or explicit typed relationship edges in SQL.","Chosen option: ""Typed directed `Relationship` edges over a shared `Artifact` identity table, traversed via recursive CTEs in SQL Server"", because it preserves relationship semantics (governance requires knowing *how* entities are related, not just *that* they are), scales to the entity count without combinatorial table explosion, supports impact analysis via SQL traversal, and avoids a second datastore. The `Artifact` table acts as a polymorphic identity registry — each domain entity registers an artifact record on creation; the `Relationship` table links artifact IDs with a typed edge.

### Consequences

- Good: uniform traversal API across all entity types; relationship types are queryable and reportable; new entity types join the traceability graph by registering in `Artifact` (no schema change to `Relationship`); bidirectional traversal via `SourceArtifactId` / `TargetArtifactId` index; SQL Server graph tables or recursive CTEs support impact analysis without a graph DB.
- Bad / trade-off: polymorphic identity adds a level of indirection (every entity write must also write an `Artifact` row — enforced at the repository layer); cyclic relationship detection must be implemented at application level (SQL recursive CTEs can cycle); relationship type set must be curated and versioned (a proliferating type vocabulary becomes a governance problem in itself).",,Approved,,,,,,"{""v1"": {""front_matter"": {}}}",
ADR-0009,ADR-0009: Append-Only Audit Log with Immutability and Hash-Chain Integrity,"ACMP is the system of record for architectural governance: votes, decisions, ADRs, and published minutes have legal and regulatory weight. A governance platform that allows silent editing of these records is unfit for purpose. An audit strategy must be chosen that supports accountability, provides tamper evidence, and satisfies records-management requirements — while remaining operable without cryptographic PKI infrastructure on an on-prem VM.","Chosen option: ""Append-only audit log + immutability enforcement at the application layer + hash-chain on the highest-sensitivity record categories (votes, decisions, audit log itself)"", because it provides tamper evidence within the existing SQL Server infrastructure without external dependencies, and the immutability rule is enforced both at the application layer (no UPDATE/DELETE paths on immutable entities) and by DB constraints (no `UPDATE` privilege on the audit table for the app DB user).

### Consequences

- Good: any post-hoc modification of a vote or decision is detectable via hash-chain verification; the audit log provides a complete reconstruction timeline; immutability is enforced at multiple layers (application + DB permissions); no external dependency; hash-chain verification can be run as a scheduled integrity check.
- Bad / trade-off: immutable records require a ""supersede"" workflow rather than ""edit"" for corrections (e.g., correcting a vote that was cast in error requires a chairman-authorized override event, not an edit) — this adds UX complexity but is the correct governance behaviour. The hash-chain covers tamper detection by insiders with application access; a DBA with direct SQL access and truncate rights could still destroy the chain — mitigate by restricting DB permissions and enabling SQL Server audit at the server level.",,Approved,,,,,,"{""v1"": {""front_matter"": {}}}",
ADR-0010,ADR-0010: Always-Attributed Voting Model,"The committee makes decisions via voting followed by chairman final approval. The voting model must specify: who may vote (eligible voters), what constitutes a quorum, how abstentions are handled, whether votes are attributed to individuals or anonymous, and how the chairman's authority interacts with the vote outcome. Getting this wrong produces either accountability gaps (anonymous votes in a governance body) or a model too complex to implement correctly.","Chosen option: ""Always attributed voting — eligible voters, quorum, abstentions, chairman approval/override by name"", because accountability is the primary governance requirement: architectural decisions must be traceable to the individuals who made them, and the chairman's authority must be recorded explicitly (not inferred). In v1 there is no anonymity and no ranked-choice — these can be revisited with evidence of a requirement.

### Consequences

- Good: full attribution means the audit log records who voted which way; the chairman's approval or override is a named, timestamped, immutable event; quorum enforcement prevents invalid decisions; abstentions are treated as a deliberate position (not just absence); conflict-of-interest recusals are expressible.
- Bad / trade-off: some committee members may feel attribution inhibits honest voting (the ""reluctant dissenter"" problem). This is a governance culture decision, not a technical one — the brief mandates attribution, and it is the correct stance for an architecture committee. If anonymous voting is ever required (e.g., for sensitive personnel matters), it must be introduced as a separate vote type with explicit scope, not as a default.",,Approved,,,,,,"{""v1"": {""front_matter"": {}}}",
ADR-0011,ADR-0011: SQL Server Full-Text Search in v1; Self-Hosted OpenSearch if Outgrown,"ACMP needs full-text search across topics (title, description, scope), documents (meeting minutes, ADRs, architecture invariants), and (in later phases) meeting transcripts. Search quality requirements include English and Arabic text matching. The decision is which search technology to adopt for v1 and what the upgrade path looks like.","Chosen option: ""SQL Server FTS for v1; escalate to self-hosted OpenSearch only with measured evidence of SQL Server being insufficient"", because SQL Server FTS avoids a second datastore in v1 without sacrificing acceptable search quality at this scale. If search is outgrown (evidenced by slow queries, poor Arabic recall, or user complaints at meaningful scale), the platform adds an app-owned OpenSearch container and a dual-write outbox — never the org's ELK. [Basis: §5.6 of `.context/brief-digest.md`]

### Consequences

- Good: no second datastore in v1; no dual-write complexity; one backup target; SQL Server already running for transactional data; FTS index maintenance is automatic via SQL Server.
- Bad / trade-off: Arabic FTS quality is a known risk (SQL Server Arabic word-breaker quality is [unverified] versus a tuned OpenSearch Arabic analyzer); fuzzy/typo-tolerant search is not available in v1; autocomplete requires a workaround (prefix queries or a dedicated suggestions table); if the FTS-to-OpenSearch migration is deferred too long, the dual-write retrofit may be more painful.",,Approved,,,,,,"{""v1"": {""front_matter"": {}}}",
ADR-0012,ADR-0012: React 18 + TypeScript + Vite Frontend,"ACMP requires a web frontend that is bilingual (EN/AR), supports RTL layout, is accessible, and provides rich interactions (drag-and-drop backlog/agenda prioritization, kanban views, real-time notification updates). The technology stack must be compatible with the .NET/REST backend (ADR-0002), supportable by the existing team, and deployable as a static asset bundle served by the ACMP server or a separate nginx container.","Chosen option: ""React 18 + TypeScript + Vite + react-i18next + RTL logical CSS + `@dnd-kit`"", because it is the most productive and well-supported stack for the requirements, the RTL approach (CSS logical properties + `dir` attribute) is framework-agnostic and correct for a bilingual app, and `@dnd-kit` provides the accessible DnD needed for keyboard users without the maintenance risk of unmaintained libraries.

### Consequences

- Good: fast development iteration with Vite HMR; strong TypeScript ecosystem; `react-i18next` with `dir=""rtl""` on the root element and CSS logical properties handles EN/AR layout flip without per-component hacks; `@dnd-kit` keyboard-accessibility satisfies WCAG 2.2 AA DnD requirements; React 18 concurrent features allow prioritised rendering (notifications update without blocking the UI); light/dark tokens via CSS custom properties are trivial to implement.
- Bad / trade-off: bundle size must be monitored (React + Vite is smaller than Angular but larger than a vanilla approach — acceptable for an internal tool); TypeScript type discipline requires upfront investment in shared type definitions (API response DTOs); RTL testing requires explicit test runs with `dir=""rtl""` — easy to miss RTL layout bugs without a dedicated RTL test pass.",,Approved,,,,,,"{""v1"": {""front_matter"": {}}}",
ADR-0013,ADR-0013: Self-Contained On-Premises Deployment (CON-001),"The organization operates a shared runtime infrastructure: Hangfire (background jobs), ELK+Seq (observability), centralized notification platform (Email/SMS/Firebase), shared databases. ACMP is a high-sensitivity governance tool — its availability, data integrity, and audit trail must not depend on the operational state or upgrade schedule of shared infrastructure. The deployment model must be specified explicitly to avoid accidental coupling.","Chosen option: ""On-prem VM + Docker Compose; all ACMP infrastructure bundled as its own containers"", because CON-001 is a hard constraint, Docker Compose is the correct orchestration tier for this scale, and bundling every runtime dependency (**including SQL Server and Keycloak, per ADR-0015**) in the Docker Compose stack makes the platform self-contained, reproducible, and operationally simple.

### Consequences

- Good: ACMP is deployable on any VM that can run Docker without org infrastructure dependencies; upgrades of shared org infrastructure do not affect ACMP; the deployment is fully reproducible from the `docker-compose.yml` + env files; availability target is achievable with Docker Compose restart policies and VM-level redundancy; no K8s operational expertise needed.
- Bad / trade-off: *(Amended by ADR-0015 — SQL Server and Keycloak are now **bundled** in the Compose stack, not external.)* ACMP has a startup dependency on both; Compose `depends_on` + health checks order startup. If Keycloak is down, ACMP login fails (mitigated: JWT validation is local; existing sessions continue). If SQL Server is down, ACMP is fully unavailable — addressed by ACMP's own nightly backup + warm-standby (now ACMP's operational responsibility, since both are bundled).",,Approved,,,,,,"{""v1"": {""front_matter"": {}}}",
ADR-0014,"ADR-0014: Background Jobs (Hangfire on ACMP SQL), Observability (Serilog + OpenTelemetry + Seq), and Object Storage (MinIO)","ACMP requires background processing (reminders, escalations, notification dispatch, diagram rendering, integrity checks), structured observability (logs, traces, metrics), and object storage (meeting recordings, transcripts, presentation files, diagram artifacts). The organization has shared infrastructure for all three (Hangfire, ELK+Seq, file storage) — but ACMP must not use it (CON-001). App-owned solutions must be chosen for each concern.","Chosen option: ""App-owned Hangfire on ACMP SQL + Serilog + OpenTelemetry + self-hosted Seq + self-hosted MinIO"", because each component directly fulfils a specific runtime need with zero additional datastore dependencies (Hangfire uses ACMP SQL; Seq has its own storage), is bundled as a Docker Compose service (self-contained per ADR-0013), and is industry-standard enough for the team to operate and troubleshoot without specialized expertise.

### Consequences

- Good: Hangfire dashboard provides job visibility and retry without custom monitoring code; Seq provides a queryable log/trace UI for debugging production issues; MinIO provides S3-compatible file storage with access control; all three are bundled in Docker Compose and managed by the team without shared-infra negotiation.
- Bad / trade-off: Hangfire runs in-process with the ACMP app — a long-running job can compete with request processing for thread pool threads (mitigate: configure a dedicated Hangfire worker process or use a separate Hangfire server with a limited worker thread count). Seq's self-hosted free tier has log retention limits [unverified: confirm Seq free tier storage cap vs. expected log volume]. MinIO requires configuring access policies, bucket lifecycle, and pre-signed URL TTLs — more setup than `File.WriteAllBytes`.",,Approved,,,,,,"{""v1"": {""front_matter"": {}}}",
ADR-0015,ADR-0015: ACMP Self-Hosts Keycloak and Bundles All Runtime Dependencies,"ADR-0004 and ADR-0013 assumed the organization provides a **Keycloak** instance that ACMP federates to for SSO (""ACMP must not own an IdP""), and treated **SQL Server** and **Keycloak** as the two runtime dependencies allowed to live *outside* the ACMP Docker Compose stack.

That assumption was recorded explicitly as **ASM-001** (`docs/risks/risk-register.md`): *""The org's Keycloak instance will be accessible to ACMP… ACMP does not need to manage a separate IdP. If false: … Keycloak must be provisioned as part of the Compose stack — a scope expansion.""*

**ASM-001 is now false: the organization has no Keycloak yet.** The secretary has further directed that the platform **own all of its runtime dependencies** — i.e., extend the self-contained principle (CON-001) so there are **zero external runtime services** in v1. This ADR records the resulting decision and its blast radius.","Chosen option: **""Self-host Keycloak (and bundle SQL Server) inside ACMP's Docker Compose stack, with an ACMP-owned realm.""**

Concretely:

- **Keycloak runs as a container in ACMP's own `docker-compose`.** ACMP ships a **realm bootstrap** (`deploy/keycloak/realm-export.json` or equivalent): the ACMP realm, an OIDC client for the SPA/BFF (authorization-code + PKCE), the **eight canonical roles** as realm roles + groups (`Chairman`, `Secretary`, `Member`, `Reviewer`, `Auditor`, `Administrator`, `Submitter`, `Guest/Presenter`), and an initial bootstrap admin.
- **SQL Server is also bundled** in the Compose stack (Q1 decision) — v1 has **zero external runtime services**. (Webex stays a deferred **Phase-2** SaaS adapter, not a runtime infra dependency.)
- **The OIDC contract to the application is unchanged.** ACMP is still an OIDC client; it consumes group/realm-role claims and maps them to canonical roles; **no self-registration**. Because the realm is now ACMP-defined, ACMP controls the claim names itself (this **closes RISK-001** — no external claim-mapping coordination).
- **User provisioning is manual via the self-hosted Keycloak admin console** (Q3 decision). ACMP does **not** integrate the Keycloak Admin API in v1, so the **Membership module / P4 is unaffected** — it still just consumes identity and JIT-provisions a local profile on first login.
- **Keycloak's datastore is decided by a PH-0 spike** (Q2 decision) — see `OQ-038`: dedicated Postgres-for-Keycloak vs Keycloak-on-the-bundled-SQL-Server. v1 keeps application data SQL-Server-only (ADR-0003); the spike decides only where Keycloak's own operational store lives.

### Consequences

- **Good:** Fully self-contained — no dependency on an org IdP that does not exist; delivery is unblocked. ACMP owns its realm end to end (roles, MFA policy, session policy, claim names), so `RISK-001` dissolves and `OQ-003` (MFA/session) becomes a pure ACMP-realm setting. Reproducible from `docker-compose.yml`. Aligns with — and strengthens — the self-contained principle the organization mandated.
- **Bad / trade-off:** ACMP now **owns IdP operations** — Keycloak upgrades, CVE patching, signing-key rotation, realm + user-store backup, and admin-credential security are ACMP's responsibility, adding ops burden and attack surface (mitigated: low-traffic, internal, ≤20 users, standard Keycloak hardening; threat model `docs/domain/security-threat-model.md`/controls `docs/domain/security-controls.md` updated). **Login is now an ACMP-specific credential, not org-wide SSO** — unless ACMP's Keycloak later brokers/federates to a future org IdP (**deferred — `OQ-039`**). **Bundling SQL Server in production raises an edition/licensing question** (Express limits vs Standard; columnstore + FTS availability) — **`OQ-040`** for the deploy phase. **Keycloak + SQL Server are now in ACMP's 99.9% availability scope** — backup, warm-standby, and health checks must cover both.",,Approved,,,,,,"{""v1"": {""front_matter"": {}}}",
ADR-0016,"ADR-0016: Test Coverage Basis (≥95% lines, FE + BE), Exclusions, E2E Harness, and DB-Backstop Integration Tests","The operator set a standing mandate (see memory `coverage-and-e2e-mandate`): drive ACMP to **≥95% line coverage on BOTH frontend and backend**, plus **comprehensive, adversarial (failure-first) E2E covering every flow and every screen**. Coverage is the floor; correctness is the bar — shallow tests written only to raise the number are explicitly forbidden.

Measured baseline (2026-06-29, `main` @ `b7ab531`):

- **Frontend:** 82.94% lines (4270 / 5148), measured with `all: true` + `include src/**` (honest denominator). 410… 32 test files, 11 with axe.
- **Backend:** 39.1% raw across 14 assemblies — but this is anchored by the four `*.Infrastructure` projects (9.9–14.4%). The logic layers are healthy: Domain 89–99%, most Application 82–98% (Topics.Application is the outlier at 69.5%), Api 70.9%, Shared 84.1%. Outside Infrastructure, only ~436 lines are uncovered, and ~95 of those are generated/regex/migration noise.

Two facts drive the decisions below, both confirmed by direct inspection (not assumption):

1. **The adversarial ""crown jewel"" invariants are enforced in code, not the database.** Immutability is a domain guard (`Topic.cs:264` throws ""A {Status} topic is immutable; supersede the linked decision instead.""; `Agenda.cs:83/133` throw on publish/edit while in the wrong status). IDOR filtering is handler/LINQ (`CurrentActor` + `ICurrentUser`). Audit emission and hash-chain computation are plain C#. **All of these execute under the existing EF Core InMemory test provider** — no SQL Server required to assert them.
2. **Real SQL is needed only for database-enforced backstops:** the `.IsUnique()` indexes (e.g. `(MeetingEntityId, UserId)` = one attendance row per member; `(AgendaEntityId, TopicId)` = no duplicate agenda item), FK cascade behaviour, concurrency tokens, and migrations actually applying. EF InMemory silently accepts violations of all of these, which is a latent false-green risk in the current suite.","### 1. Coverage basis: ≥95% **line** coverage, FE + BE, on assertable code

Hard-excluded from the denominator (genuinely un-assertable plumbing only):

- **Backend** (`coverlet.runsettings`): EF Core migrations + their `*.Designer.cs` (`**/Migrations/*.cs`); source-generated/compiler code (`[GeneratedCode]`, `[CompilerGenerated]`, `[ExcludeFromCodeCoverage]`, `[DebuggerNonUserCode]`); `Program.cs` (composition root, no branching); **design-time `IDesignTimeDbContextFactory` classes (`**/*DbContextFactory.cs`)** — run only by `dotnet ef migrations` at design time, never at runtime, so they carry no runtime branch to assert (same class as `Program.cs`); **`MinioFileStore` (`**/MinioFileStore.cs`)** — the Phase-2 S3 adapter, not wired into any v1 runtime flow (see the borderline note below; excluded with this Phase-2 note since no v1 slice touches it). DI-registration extension methods are **not** excluded — they run during the `WebApplicationFactory` boot and are covered incidentally.

  > **Amendment (S1, 2026-06-29, operator-confirmed).** The `*DbContextFactory.cs` and `MinioFileStore.cs` exclusions were added during S1. Rationale: the design-time factories are pure `dotnet ef` plumbing (the same un-assertable category as the already-excluded `Program.cs`), and `MinioFileStore` is the Phase-2 adapter the original §1 already earmarked for exclusion ""at the slice that touches it."" Crucially, S7 wires **per-file** thresholds — a 0%-covered design-time factory would fail a per-file gate regardless of the global number, and the only way to ""cover"" it is a theatre test that news-up the factory and asserts it returns a context. Excluding is the honest call. Effect: BE baseline rises from 94.5% to ~97% on the same test suite (60 design-time + 6 Phase-2 lines leave the denominator).
- **Frontend** (`vitest.config.ts`): `src/main.tsx` (ReactDOM bootstrap); `src/components/shell/DevRoleSwitcher.tsx` (dev-only, not shipped behaviour); `src/test/**` (test harness); `*.d.ts`. **`App.tsx` is NOT excluded** — it wires routing and route/dirty-form guards, which the adversarial matrix explicitly requires testing.

Everything else — repositories, handlers, validators, endpoints, components, and logic-bearing DTOs — is **covered by tests, not excused by exclusion**. Thresholds are enforced **global + per-file** (a 0% file cannot hide behind the average), wired into CI only in the final slice once both stacks are already ≥95%.

`MinioFileStore` (Phase-2 object-storage adapter, not wired into any v1 runtime flow) is a borderline case: covered with a mocked S3 client if cheap, otherwise excluded with a Phase-2 note at the slice that touches it.

### 2. E2E harness: `@playwright/test`, run at PR-to-`main` and on demand

`@playwright/test` (the project's stated E2E tool) drives the **real** application stack (web :8088 / api :8080 / Keycloak :8085) brought up via the self-contained Docker Compose stack, including the genuine Keycloak PKCE auth round-trip. A dedicated CI workflow runs it **on `pull_request` → `main`** (gating merges to main) and **on demand** (`workflow_dispatch`), not on every branch push. Specs are failure-first and cover the core loop (topic → agenda → meeting → minutes → notify), auth round-trip, schedule/build-publish-agenda/conduct-meeting, and notifications. The exact SPA auth-seed mechanism is verified as the first task of the E2E slice before specs are written.

> **Amendment (2026-07-09, operator-confirmed).** The e2e `pull_request` trigger now carries a `paths-ignore` filter so that **docs-only / non-code PRs skip the e2e leg** (markdown, `docs/**`, `ACMP product context/**`, `.claude/**`). Rationale: those changes have no testable product surface, so spinning up the 7-service stack + Keycloak PKCE round-trip validates nothing — it only draws on the capped Actions-minute pool and the (currently scarce) hosted-runner supply. This is consistent with the original intent of ""keeping these legs off the no-op hot path"" (Consequences §); a **mixed code+docs PR still runs the full leg** (GitHub skips only when *every* changed file matches). The `ci.yml` matrix carries the same filter. No change to the gating contract for code PRs.

### 3. DB-backstop integration tests: included (full), via Testcontainers SQL Server

A SQL-Server-backed integration suite (Testcontainers) proves the database-enforced invariants that InMemory cannot: the `.IsUnique()` backstops, FK cascade behaviour, concurrency/rowversion, and that migrations apply cleanly. This closes the genuine false-green gap in the current InMemory-only suite. CI already has Docker available (the `compose` job), so this is feasible; the cost is image pull + a slower integration leg, accepted as worthwhile for governance-data integrity.

### Consequences

- Good: the 95% number reflects real behaviour; the crown-jewel invariants are proven on the fast InMemory stack while the DB backstops are proven for real on SQL Server; merges to `main` are gated on a true end-to-end auth round-trip.
- Bad / trade-off: the E2E and Testcontainers legs make PR CI to `main` slower and introduce more moving parts (Keycloak realm import, stack health-wait, SQL image pull) — mitigated with deterministic health checks, `expect`-based waits, traces/screenshots on failure, and keeping these legs off the per-branch hot path. Per-file thresholds add maintenance when files are added (acceptable; it is the point).",,Approved,,,,,,"{""v1"": {""front_matter"": {}}}",
ADR-0017,ADR-0017: Adopt React 19 (amends ADR-0012),ADR-0012 specified **React 18**. The P1 scaffold installed **React 19** (the current stable major at scaffold time) without recording the deviation — a silent drift surfaced during P3 (frontend foundation). Code and a settled ADR disagree; CLAUDE.md requires we fix one or raise an ADR rather than let them drift. This ADR records the deviation and decides which way to resolve it.,"Chosen option: **adopt React 19**. ADR-0012 remains in force in every other respect (TypeScript, Vite, `react-i18next` EN/AR, RTL via CSS logical properties + `dir`, light/dark tokens, `@dnd-kit` accessible DnD). Only the React major version is amended, 18 → 19.

### Consequences

- Good: stays on the current supported major; no downgrade churn; aligns with the installed `@types/react@19` / `@vitejs/plugin-react@6` toolchain; `forwardRef` no longer needed for ref-forwarding components.
- Trade-off: React 19 is newer, so a few third-party libraries may lag on peer-dep ranges — none encountered in P3 (`@tanstack/react-query`, `react-oidc-context`, `@dnd-kit`, `react-i18next`, `react-router-dom` all install clean against 19).
- Process: this is the corrective record for a P1 silent drift; future stack changes must raise the ADR *before* merging, not after.",,Approved,,,,,,"{""v1"": {""front_matter"": {}}}",
ADR-0018,ADR-0018: Optimistic Concurrency via RowVersion (implements docs/domain/data-architecture.md §1.5),"`docs/domain/data-architecture.md` §1.5 has always stated that every **mutable aggregate root** carries a `RowVersion ROWVERSION` column so EF Core optimistic concurrency turns a stale write into a `DbUpdateConcurrencyException`, which the API maps to **HTTP 409** (`docs/domain/architecture-detail.md` §7.4). The forensic rebuild review (rebuild-findings DI-02 / OQ-043) found the backstop **did not exist in code**: no `IsRowVersion()` / `[Timestamp]` / concurrency token on any entity, and no `RowVersion` column in any migration. Documentation and code disagreed; CLAUDE.md and guardrail #11 require we fix one or raise an ADR rather than let them drift. OQ-043 framed the choice: **(a)** implement the token to make the doc true, or **(b)** amend `docs/domain/data-architecture.md` to last-writer-wins.","Chosen option: **(1) implement optimistic concurrency via RowVersion**, because it makes the existing data-architecture canon true, keeps governance writes auditable (no silent lost updates), and is a small, idiomatic EF Core change at this scale.

Applied in v1 to the **built** mutable aggregate roots: `Topic` (Topics), `Meeting` and `Agenda` (Meetings), and `CommitteeMember` (Membership). As further mutable roots from `docs/domain/data-architecture.md` are built (e.g. `MinutesOfMeeting`, `Document`, `Decision`, `Action`), each carries `RowVersion` at build time per `docs/domain/data-architecture.md` §1.5 — this ADR is the standing rule.

### Implementation

- **Domain:** a `public byte[] RowVersion` property on each mutable root.
- **EF config:** `b.Property(x => x.RowVersion).IsRowVersion();` in each root's `IEntityTypeConfiguration`.
- **Migrations:** one per affected module (Topics, Meetings, Membership) adding the `rowversion` column.
- **API:** `GlobalExceptionHandler` maps `DbUpdateConcurrencyException → 409` Problem Details (""The record was modified by another user; reload and try again."").

### Consequences

- Good: stale concurrent writes fail loud (409) instead of silently overwriting; `docs/domain/data-architecture.md` §1.5 and `docs/domain/architecture-detail.md` §7.4 are now true in code; the S5 concurrency invariant is testable.
- Good: append-only and child entities are deliberately excluded — no needless columns, no over-application (guardrail #12).
- Trade-off: a 409 must eventually be handled in the front end (refetch + merge or a ""reloaded"" prompt). v1 returns the correct status and message; the SPA's optimistic-conflict UX is a **follow-up front-end slice** and is not covered here.
- Trade-off: SQL Server `rowversion` is provider-specific; the in-memory/test path does not enforce it, so the concurrency behavior is verified against a real SQL Server (Testcontainers, per ADR-0016 §3).",,Approved,,,,,,"{""v1"": {""front_matter"": {}}}",
ADR-0019,"ADR-0019: Self-describing relationship edges, no physical Artifact registry (amends ADR-0008)","ADR-0008 chose typed directed `Relationship` edges over SQL for traceability, and its *Decision Outcome* section additionally prescribed a **polymorphic `Artifact` identity registry**: ""each domain entity registers an artifact record on creation… every entity write must also write an `Artifact` row (enforced at the repository layer)."" However, the canonical schema in `docs/domain/search-and-traceability.md §2.1` has **no** such table — its `Relationship` row stores `(SourceType, SourceId)` / `(TargetType, TargetId)` directly, with no FK to a registry. Code and a settled ADR disagree; CLAUDE.md requires we resolve it in an ADR rather than let it drift (guardrail #11). P10c (the Traceability backend) is the first slice to build edges, so it forces the decision.","Chosen: **self-describing edges, no physical `Artifact` registry.** A `Relationship` row carries both endpoints as value snapshots — `(SourceType, SourceId, SourceKey, SourceTitle)` and `(TargetType, TargetId, TargetKey, TargetTitle)` — plus `RelType`, optional `Notes`, `IsActive` soft-delete, and audit stamps. No entity writes an `Artifact` row on create. ADR-0008 remains in force in every other respect: typed directed edges, SQL-native traversal (recursive CTE, P10f), bidirectional navigation, audited relationship changes (ADR-0009), and the `RelationshipType` catalog in `docs/domain/search-and-traceability.md §2.2`.

### Consequences

- Good: no cross-module write coupling; matches `docs/domain/search-and-traceability.md §2.1` exactly; reuses the proven Risks soft-ref pattern; new artifact types join the graph with zero schema change (they are just new `ArtifactType` enum values on the edge).
- Trade-off: the `SourceTitle`/`TargetTitle` snapshots can go **stale** if the referenced artifact is later renamed (accepted — deep-linking fetches live data; same trade as owner-name snapshots). The display **key** never goes stale (keys are immutable). Live status is **not** snapshotted (it churns) — status is out of scope for the AC-062 panel and resolved later if needed.
- Trade-off: there is no central registry to enumerate ""all artifacts""; that was never required (search is FTS per ADR-0011, not a registry scan).",,Approved,,,,,,"{""v1"": {""front_matter"": {}}}",
ADR-0020,"ADR-0020: Impact graph by read-time contract composition, not a cross-schema traversal (clarifies ADR-0019)","P10f builds the transitive impact graph (FR-096): the depth-bounded subgraph around a focus artifact, spanning **both** governed edge stores — the Traceability module's typed `Relationship` edges **and** the Dependencies module's `Dependency` edges. Read-time composition is locked (OQ-046 / ASM-016): a dependency edge is stored once and is **not** mirrored into the Relationship table, so any traversal that walks only one store misses the other. ADR-0019 offhandedly named a ""recursive CTE"" for this traversal, but a recursive CTE spanning the `traceability` and `dependencies` schemas is a **cross-module table join** — a direct ADR-0001 violation (a module reading another module's tables). The operator also asked (against the reviewers' lean) that the traversal run **server-side** and that FR-095 cross-stream be built now. This ADR records how that is done without breaking module isolation.","Chosen: **the impact graph is composed at read time by a breadth-first walk in the Traceability module (`GetImpactGraph`), orchestrating each module's existing per-artifact read through `Acmp.Shared` ports — no cross-schema query.**

- The BFS lives in `Traceability.Application` (the Search & Traceability home, docs/domain/search-and-traceability.md). Per node it unions its own `Relationship` edges with the Dependencies module's edges read through a **new shared port `IDependencyArtifactReader`** (implemented in `Dependencies.Infrastructure` over the same `GetDependenciesForArtifact` read — one source of truth). The port's DTO lives in `Acmp.Shared` and speaks **primitives** (string type/kind/status names); the Dependencies enums never leak into the kernel (mirrors `ITraceabilityLinks`).
- FR-095 cross-stream is **Topic-scope** (Option A): a second shared port `ITopicStreamReader` (implemented in `Topics.Infrastructure`) returns a topic's affected-stream **codes**; an edge is cross-stream when both ends are Topics with disjoint non-empty code sets. Non-Topic endpoints carry no stream, so their edges are never cross-stream. The inherit-from-topic model is deferred (**OQ-047**).
- Traversal guards: visited-set keyed on the **type-name string + id** (not the enum ordinal — `ArtifactType.Topic` and `DependencyEndpointType.Topic` are different ints; only the names union a node reached via both stores), a `MaxNodes` ceiling, depth clamped 1–3, and per-node try/catch so one failed read degrades that node to a leaf and flags `partial` rather than blanking the graph.
- Endpoint: `GET /api/traceability/graph/{type}/{id}?depth=1..3` → `{ focus, nodes, edges, partial }`; read-all (any authenticated committee member).

This **clarifies** ADR-0019: replace its ""recursive CTE"" phrasing with ""read-time contract composition."" ADR-0019 stands in every other respect (self-describing edges, no Artifact registry).

### Consequences

- Good: zero cross-module table reads; the two new ports are the sanctioned ADR-0001 shape already proven by `ITraceabilityLinks` / `IActionLinkDirectory`; no new tables or migration (pure read composition); new artifact types join the graph with no schema change.
- Trade-off: the walk issues N per-node reads instead of one query. Trivial at this scale (≤20 users, depth ≤3, `MaxNodes` cap); if a graph ever measurably drags, tier-batched reads are the upgrade path (`ponytail:` noted in the composer).
- Trade-off: **FR-095 is Topic-scope only** — most governance edges are cross-TYPE (Topic→Decision→Action), so the cross-stream signal lights up rarely. Recorded honestly as FR-095 **partial**, not ""built"" (OQ-047 tracks the richer inherit model).
- Trade-off: far-node **lifecycle status** is not shown (a cross-module read); the node carries only type/key/title/tier/blocked/streams. `Blocked` is derived from incident blocker dependency edges (`IsBlocker`) — an honest approximation of ""is blocked.""",,Approved,,,,,,"{""v1"": {""front_matter"": {}}}",
ADR-0021,ADR-0021: Cross-module system writes go through a Shared.Contracts write port (extends ADR-0001),"FR-068 (Decision→ADR promotion, P11e) requires the Governance module, when it creates an ADR from a decision, to also record a **bidirectional link** between the two artifacts. The idiomatic ACMP link is a typed `Relationship` edge (ADR-0008/0019) rendered in both artifacts' traceability panels — but that edge lives in the **Traceability** module's store. Governance therefore needs to *write* an edge it does not own.

Every existing cross-module seam in `Acmp.Shared.Contracts` is **read-only** (`ITraceabilityLinks`, `IActionLinkDirectory`, `IMeetingQuorumSource`, `IDependencyArtifactReader`, and the new `IDecisionReader`). There is no established pattern for a module-initiated cross-module **write**, and no precedent for one module sending another module's MediatR command (which would couple `Governance.Application` to `Traceability.Application`). CLAUDE.md's module rule permits communication ""via in-process public contracts / MediatR / domain events only"" — this ADR fixes which of those to use so the precedent is deliberate, not incidental (guardrail #11).","Chosen: **a Shared.Contracts write port, symmetric with the read seams.** `ITraceabilityWriter` exposes `RecordEdgeAsync(...)` in primitives (artifact/relationship types as string names); the Traceability module implements it in its Infrastructure over the same `Relationship` store the UI uses. Consuming modules depend only on the shared port, never on `Traceability.Application`. The write is:

- **Unauthorized at the port** — it carries no RBAC of its own; the *calling* action must already be authorized (FR-068 promotion is `Adr.Promote` = Chairman-only). The port is a system consequence, not a user action.
- **Idempotent** per `(source, target, relType)` so a retried caller never duplicates the edge.
- **Audited** (`Relationship.Created`, with a `System=true` marker distinguishing it from a user-created edge).

This is the sanctioned pattern for any future module-initiated cross-module write: add a primitive write port to `Acmp.Shared.Contracts`, implement it in the owning module's Infrastructure. Direct cross-module command sends remain disallowed.

### Consequences

- Good: no `Governance.Application → Traceability.Application` coupling; the shared kernel stays enum-free; the write reuses the owning module's store as the single source of truth; the pattern generalizes.
- Trade-off: a system write bypasses the user-facing `CreateRelationship` command's validation/authorization. Accepted — the port applies the same domain guards (`Relationship.Create`) and the caller is separately authorized; the audit `System=true` marker keeps the trail honest.
- Trade-off: two write paths now exist for edges (the user command and the system port). Accepted — they share the domain factory and store; only the entry authorization differs.
- Trade-off: the consuming action's own write (e.g. the ADR insert in the Governance context) and the edge write (Traceability context) commit in **two separate transactions**, not one — an ambient `TransactionScope` across two DbContexts would risk MSDTC escalation on the on-prem SQL box. A crash between them can leave the primary record without its reverse edge. Mitigation: the caller's idempotency guard (FR-068's one-ADR-per-decision) re-records the missing edge on a retry, so the gap self-heals; and the forward link (`Adr.SourceDecisionId`, written in the first transaction) always survives. A filtered unique index / outbox is the upgrade path if a future write needs hard atomicity.",,Approved,,,,,,"{""v1"": {""front_matter"": {}}}",
ADR-0022,"ADR-0022: Reporting is client-side aggregation over thin registers — no columnstore read-model layer, no chart library (extends ADR-0001, ADR-0003; right-sizes docs/domain/reporting-dashboards.md §5)","P12 (Dashboards & Reports) is specified in docs/domain/reporting-dashboards.md §1.1/§5 with a dedicated **Reporting read-model layer** — SQL views/materialized tables with **columnstore indexes**, versioned `/api/v1/reports/...` aggregation endpoints, **server-side PDF** export, and **Hangfire-scheduled** report delivery. docs/domain/metrics-kpi-catalog.md lists 21 KPIs; ADR-0012/OQ-022 assume a **client chart library** (Recharts, with an RTL spike).

For the actual footprint — a **single committee, on-prem, ≤20 users** (CON-001), with every register holding a few hundred rows at most — that layer is disproportionate. P10g already delivered the Risk & Dependency reports by composing three existing REST reads **client-side** (`features/reports/reportAgg.ts`), and P10f the impact graph the same way, both recorded as ADR-0001-consistent (the SPA composing public API results is not a module reading another's tables). This ADR settles, once, how P12 is built so the doc-vs-code gap is deliberate (guardrail #11), not silently skipped like OQ-043/RowVersion once was.","Chosen: **client-side aggregation over thin, plain paged registers; no read-model/columnstore layer; no chart library.**

1. **No Reporting read-model tables, no columnstore, no `/api/v1/reports/*` aggregation endpoints in v1.** Dashboards and reports are composed in the SPA (`features/reports/*`, `features/dashboard/*`) from the modules' own public register reads.
2. **Where a dashboard needs data a register doesn't expose, add a plain paged register read to the owning module** — never a cross-schema aggregate. P12-PR1 adds exactly four: `GET /api/decisions` (committee-wide register), `GET /api/votes` (register, status-filterable), `GET /api/minutes` (InReview approval queue), and a `Topic.TimesDeferred` counter on the backlog projection. Each reads only its own module's tables (ADR-0001) and carries read-all authorization.
3. **Charts are CSS primitives**, composed from the shared design system (the `rpt-*` renderers P10g established) — bars/columns/stack/stat/matrix. **No Recharts/ECharts/Nivo.** This **resolves OQ-022**: the RTL question is moot because there is no chart library to validate; RTL comes from logical properties + the existing `dir` mirroring, verified by the live `.dc.html` VR.
4. **Export = client-side CSV only in v1.** Server-side **PDF** export and **Hangfire-scheduled** reports are deferred to PH-3 (they have no design surface and no ≤20-user justification yet), flagged in the progress log.
5. **Advanced / time-series dashboards** (docs/domain/reporting-dashboards.md DB-13/14/22/23/24; the Research dashboard DB-18 = PH-2) are deferred; PH-1 cards that would need absent time-series data render **honest-empty** and are flagged, not faked.

### Consequences

- Good: no analytics DB, no columnstore, no BI machinery, no chart-lib bundle weight or RTL risk; the design's CSS-primitive charts are reproduced exactly; every number traces to an already-authorized public read. Aggregating a few hundred rows in the browser is imperceptible at this scale.
- Good: the four new registers are reusable beyond dashboards (they are the long-planned ""Lists & Registers"" reads) and feed the Reports tabs directly.
- Trade-off: aggregation runs on the client, so a report over the *whole* register fetches it fully. Accepted — registers are bounded (no register exceeds one page at ≤20 users; P10g verified `pageSize=500` covers the set). A server aggregate is the upgrade path **iff** a register ever outgrows a single page.
- Trade-off: docs/domain/reporting-dashboards.md §5 and ADR-0003's ""reporting via columnstore"" now describe a **future** state, not v1. Recorded here rather than edited away; ADR-0003's datastore choice is unchanged (still SQL Server) — only the reporting-layer shape is right-sized.
- Trade-off: time-series cards are honest-empty until PH-3. Accepted and flagged — a visibly empty card is more truthful than a faked trend, and matches the design's own empty state.",,Approved,,,,,,"{""v1"": {""front_matter"": {}}}",
ADR-0023,"ADR-0023: Webex Integration — Multi-Channel Dispatch, HMAC Webhook, and OAuth Token Storage","P13 adds the Phase-2 Webex adapter (ADR-0005): governance events pushed to the committee Webex space as Adaptive Cards, and recording references pulled back. Realising it surfaced three decisions not settled by ADR-0005:

1. **Fan-out to multiple channels.** v1 had exactly one `INotificationChannel` (the in-app center), injected by ~15 handlers. Adding Webex as a second channel must not touch any caller.
2. **Authenticating an inbound webhook.** Webex calls back over HTTP with no user session — the first non-session endpoint in the codebase (no `AllowAnonymous` existed anywhere).
3. **Holding a Webex user token.** Meeting auto-create needs a secretary OAuth token (a bot cannot host); the token must survive restarts and refresh.","**1. Multi-channel dispatch via `INotificationSink` + `NotificationDispatcher`.** A new `INotificationSink` is the pluggable channel; `NotificationDispatcher : INotificationChannel` fans one message out to every registered sink and is the single `INotificationChannel`. The in-app channel becomes a sink; Webex registers a second sink (only when enabled). Callers are unchanged. The Webex sink collapses a per-recipient fan-out to **one** space post per `(Category, DeepLink)` within a request/job scope, and swallows its own failures so an optional channel never breaks the in-app write (the system of record). Only genuinely committee-wide events are mirrored to the shared space (subset-targeted events — vote/risk — stay in-app until per-user DM exists, D-14).

**2. Inbound webhook authenticated by HMAC, not a session.** `POST /api/webex/webhook` is anonymous (as are the OAuth browser endpoints in #3); an endpoint filter verifies the `x-spark-signature` HMAC (default **HMAC-SHA1** — Webex's default; SHA256/512 configurable) over the **raw** body, constant-time, and rejects 401 on mismatch. A 5-minute timestamp window drops replays. The handler returns 200 immediately and enqueues processing on Hangfire; the recording write-back is idempotent, so no event-id store is needed.

**3. OAuth token stored encrypted in an app-owned `webex` schema.** The single secretary token row is AES-GCM-encrypted (key derived from `Webex:TokenEncryptionKey`) in a tiny `WebexDbContext` (`webex` schema, provisioned by the API `MigrationRunner`). The token service refreshes transparently and re-persists rotated refresh tokens; it returns null when unavailable so meeting-create degrades gracefully (AC-072). The consent endpoints (`/api/webex/oauth/start|callback`) are top-level browser navigations that cannot carry a Keycloak bearer (ACMP is bearer-only, no server session cookie), so neither can be JwtBearer-gated — that gate would 401 every real callback. To avoid an **unauthenticated token-minting** endpoint (acute once the app is publicly reachable via ngrok), `/start` is gated by an **operator-only setup key** (`Webex:OAuthSetupKey`, fail-closed: absent/mismatched ⇒ 404). `/callback` is anonymous but only completes a flow whose **single-use `state` cookie** was minted by a key-gated `/start` in the same browser, and token linking emits an audit event (INV-005) for attributability. Production hardening (deferred): **SPA-mediated initiation** behind `AdminConfig` with an admin-subject-bound signed state, once a ""Connect Webex"" admin screen exists.

Meeting-create is triggered by the `ScheduleMeeting` handler through a new Shared seam `IWebexMeetingProvisioner` (Meetings registers a no-op default; the Webex adapter overrides it when enabled) — enqueue only, so scheduling never blocks on Webex.

### Consequences

- Good: adding a channel is a sink + DI line, not a refactor; the webhook is auditable and fails closed; tokens never appear in source or logs; everything is off when `Webex:Enabled=false`; the adapter depends only on `Acmp.Shared` (ArchUnit-enforced).
- Trade-off: space delivery broadcasts committee-wide events to everyone in the space (acceptable — cards carry no sensitive content; deep links enforce their own RBAC); per-user DM/invitations/attendance-matching are deferred pending a Membership email projection (D-14). The webhook needs public ingress (ngrok/reverse-proxy) — a deployment concern; air-gapped installs fall back to manual recording attach.",,Approved,,,,,,"{""v1"": {""front_matter"": {}}}",
ADR-0024,ADR-0024: Dedicated Background-Worker Container,"Today the app-owned Hangfire **server** (ADR-0014) runs inside the API host: recurring jobs (the action-reminder sweep) and, with P13, the Webex send/create/webhook-processing jobs all execute in the same process that serves HTTP requests. As Webex adds rate-limited, retry-heavy, network-bound background work, co-locating it with request serving couples their failure and restart behaviour. The operator has asked to run the Hangfire server in a **separate worker container**.

INV-002 requires the platform to stay a modular monolith — no second process without a measured, ADR-recorded need. A dedicated worker is **not** microservices (same codebase, same database, same modules, one more host *type*), but splitting the API and the worker is a deployment-topology change that this ADR records rather than making silently.","Chosen option: **2**. A new `Acmp.Worker` .NET Generic Host runs `AddHangfireServer()` and the recurring-job registrations (the action-reminder sweep moves here); the API keeps `AddHangfire(storage)` **client-only** (retains `IBackgroundJobClient` to enqueue). Both hosts share an `AddAcmpModules(config)` / `AddAcmpHangfireStorage(cs)` composition root in the new `Acmp.Bootstrap` library so their DI never drifts. The **API owns migrations** (`MigrationRunner`); the worker waits for the schema (compose `depends_on: api healthy`), avoiding a two-host migration race. A configurable `ngrok` ingress service (compose profile `ngrok`) exposes the API's webhook endpoint (dev + optional prod via a reserved `NGROK_DOMAIN`).

No bespoke headless identity was added: every worker job either opts out of the MediatR authorization check (`SweepActionRemindersCommand` is not an `IAuthorizedRequest`) or hardcodes its own `system:*` audit actor (the sweep uses `system:action-reminders`, the Webex writers `system:webex`), and the shared-kernel `CurrentUserService` is null-safe with no `HttpContext`. A `SystemCurrentUser` would change zero observable behaviour, so it is deliberately omitted (YAGNI) — add one only if a future job reads `ICurrentUser`.

### Consequences

- Good: job execution is isolated and independently restartable; the Webex jobs run off the request path; one image/codebase, one DB.
- Trade-off: a second container to run and monitor; the shared composition root must be kept the single wiring source; ngrok in production adds a third-party to the inbound path (operator-accepted; org reverse-proxy preferred where available).",,Approved,,,,,,"{""v1"": {""front_matter"": {}}}",
ADR-0025,"ADR-0025: Meeting-Recording Upload, Presigned Playback, and Deletion","FR-056 requires a Secretary to attach a Webex recording link **and/or upload a recording file** to a meeting. The Webex-webhook path (AC-070) stores a *reference* to a host-owned Webex recording — but on accounts without a cloud-recording license the webhook never fires (recordings stay local), so the operator needs a **manual upload** path, plus a way to **play** an uploaded recording in-app and to **delete** it. Recordings are large video (up to 2 GB), so how they are stored, served, and removed is an architecture decision worth recording rather than making silently.

ADR-0014 already established `IFileStore` over self-hosted MinIO for topic attachments (AC-049/050). This ADR extends that seam to meeting recordings and settles three points: object storage vs SQL BLOB, how a browser plays a MinIO-stored file, and delete semantics across the two recording sources.","Chosen option: **3**. A meeting recording is stored in MinIO (`acmp-recordings` bucket) via `IFileStore`; the object key is **server-derived** (`{meetingKey}/{guid}{ext}`, extension from the validated content-type — never the client filename, so SigV4 presigned URLs never break on spaces/unicode). The meeting aggregate carries the reference (`RecordingObjectKey` + display metadata), not the file. Playback is a short-lived (10-min) **pre-signed GET URL** minted by `GET /api/meetings/{key}/recording/url` and fed to a `<video>` element. MinIO is made browser-reachable through nginx `location /acmp-recordings/` (Host header preserved so the SigV4 signature validates against the public host; a dedicated presign `IMinioClient` built with the public endpoint + an explicit region avoids a region-discovery round-trip); only pre-signed GETs succeed (unsigned → 403; no bucket listing). Upload is `POST /{key}/recording` (multipart, `Policies.MinutesCapture` = Secretary/Chairman), size/MIME validated against `MeetingRecordingOptions` (video/mp4|webm|quicktime, ≤ **2 GB**); nginx `client_max_body_size` + per-endpoint Kestrel/multipart limits are raised to match. Delete is `DELETE /{key}/recording` (same policy): it clears all recording fields and, for an uploaded recording, best-effort-deletes the MinIO object; a Webex reference is only cleared (we do not own the Webex asset — a re-delivered webhook could re-attach it). Every upload/delete emits an `AuditEvent` (`Meetings.RecordingUploaded` / `Meetings.RecordingRemoved`).

### Consequences

- Good: reuses the proven storage seam; proper video streaming with seeking; no multi-GB through the API or the browser heap; both recording sources share one delete UX.
- Trade-off: MinIO's `acmp-recordings` bucket is reachable at the public origin for pre-signed GETs (mitigated: signature-gated, short TTL, no listing); a 2 GB upload buffers to container temp disk (nginx + Kestrel spool) — acceptable for occasional on-prem use; the presigned URL is a bearer-less capability for its TTL. Transcript retrieval stays deferred (P19).",,Approved,,,,,,"{""v1"": {""front_matter"": {}}}",
ADR-0026,"ADR-0026: Audit-Event Field Enrichment, Hash Versioning, and Same-Transaction Atomic Append (amends ADR-0009)","ADR-0009 chose an append-only, hash-chained `AuditEvent` store and its *Validation* section already prescribed entries ""with **actor, timestamp, entity reference, and change payload**"" plus **same-transaction** append. The domain SSoT `docs/domain/audit-and-records.md §1.1/§1.2` specifies the full target schema (`ActorUserId, ActorRole, Action, SubjectType, SubjectId, Outcome, Before, After, CorrelationId, PrevHash, RowHash`) and requires the audit row be written **in the same DB transaction** as the state change (NFR-042).

The shipped implementation under-delivered against its own ADR: `AuditEvent` carries only `OccurredAt · EventType · Subject · DataJson · PrevHash · Hash` (verified: `src/BuildingBlocks/Acmp.Shared/Infrastructure/Audit/AuditEvent.cs`), and the append runs in a **separate `AuditDbContext` transaction after** the module save (verified: `CastBallot.cs:64-66`; no `TransactionScope`/`BeginTransaction`/`UseTransaction` anywhere in `src`). This blocks `AC-017` (which, with `FR-151`, demands entity-type/id, action-type, actor, before/after JSON, correlation id) and leaves a window where a committed state change can go unaudited if the second transaction fails — contrary to NFR-042.

Closing `AC-017/018/019/020` forces the decision now (the Audit slice). Enriching the row **changes the hash payload**, which touches **INV-005** (""hash-chain votes/decisions/audit"") — hence this amending ADR rather than a silent build change.","Chosen: **Option 1.**

- **Schema.** Add `ActorUserId` (the OIDC `sub` string, matching the existing `Subject` — not a `Guid`, avoiding a `User` lookup; a deviation from the doc's suggested `Guid?`, recorded here), `ActorRole` (from `ICurrentUser.Roles`), `Action`, `SubjectType`, `SubjectId`, `Outcome{Success,Denied,Failure}`, `BeforeJson`, `AfterJson`, `CorrelationId`, and `HashVersion`. `EventType`/`Subject` are retained for back-compat.
- **Hash versioning.** `ComputeHash`/`Recompute()` select the canonical payload by `HashVersion` (existing rows = 1, new rows = 2). The chain link (`PreviousHash` ← prior `Hash`) is version-agnostic, so v1→v2 rows link and verify continuously. The v2 canonical form is **deterministic** (round-trip `O` timestamps, ordinal field order, an explicit null token) — a golden-hash test pins it.
- **Before/after.** An `ISaveChangesInterceptor` on every `ModuleDbContext` captures each mutated `AuditableEntity`'s **changed scalar properties** (`OriginalValues`/`CurrentValues`) as `{SubjectType, SubjectId, Before, After}` into a request-scoped buffer; the enriched sink drains it by `(SubjectType, SubjectId)`. Denials/system events (no mutation) record `Outcome=Denied/Failure` with null before/after.
- **Same-transaction atomicity (NFR-042).** The module `DbContext` and `AuditDbContext` share one scoped `DbConnection`; a MediatR `TransactionBehavior` opens/commits a single transaction per command, so the state change and its audit append commit or roll back together. One shared connection (not `TransactionScope` across two connections) avoids MSDTC escalation.
- **Correlation** = `Activity.Current?.TraceId`.

### Consequences

- Good: `AC-017` becomes satisfiable end-to-end; the chain stays verifiable across the schema change; no committed state change can be unaudited (NFR-042); before/after is automatic and privacy-bounded.
- Trade-off: the `IAuditSink.EmitAsync` seam widens and the ~80 emit sites are reworked to pass `action/subjectType/subjectId/outcome` (staged behind a compatibility overload so `main` stays green; `AC-017` flips to Met only when all state-change sites are migrated). A single shared transaction holds the audit-tail lock slightly longer — negligible at ≤20 users; `sp_getapplock`/partitioning only if it ever binds.
- Out of scope (routed to P16, logged in the deferred-work register): DB-permission immutability (`INSERT/SELECT`-only on `audit.*`) and the scheduled nightly verification job (C-INS-02). `AC-018` is met by the application guard (no setters/delete path) + a test; `AC-019` by the on-demand verify endpoint.",,Approved,,,,,,"{""v1"": {""front_matter"": {}}}",
ADR-0027,ADR-0027: Audit-Read Excludes Administrator — Segregation of Duties (supersedes the role clause of FR-151/FR-153),"The package contradicts itself on **who may read the audit log**:

- **Must-priority `FR-151`/`FR-153`** and the original brief §6.18 — and consequently `AC-017` (""visible to Auditor and Administrator"") and `AC-019` (""the Auditor or Administrator runs the integrity check"") — name **Auditor + Administrator**.
- The **permission-role matrix §C row 29**, **`docs/domain/audit-and-records.md §6/§7`**, the **SoD-5** control (`docs/domain/security-controls.md` C-INS-03), and the **already-built backend policy** `Policies.AuditRead = {Chairman, Secretary, Auditor}` (verified: `AuthorizationRegistration.cs:52`) **exclude Administrator** and instead grant Chairman + Secretary.

The frontend is a third, wrong, variant: it gates `/audit` to `{administrator, auditor, chairman}` (verified: `App.tsx:93`, `navModel.ts:63`) — including Administrator, omitting Secretary. Building the Audit slice forces a single answer; per the governance rule, code/package disagreement is resolved by an ADR, not left to drift.","Chosen: **Option 1.** Audit read (and the on-demand integrity check) = **{Auditor, Chairman, Secretary}**; **Administrator is excluded** from reading, searching, exporting, and deleting the audit log.

- The backend `Policies.AuditRead` is already correct — no change.
- The frontend is corrected: `App.tsx` `RequireRole` → `['auditor','chairman','secretary']`; `navModel.ts` `ACCESS.audit = {auditor:'full', chairman:'full', secretary:'full'}` (drop `administrator`, add `secretary`).
- `AC-017/019/020` wording is reconciled to the `Audit.Read` set; the traceability matrix `FR-153→AC-020` note records this supersession; `FR-151/153` carry a pointer to this ADR.

### Consequences

- Good: one consistent, least-privilege audit-read set across policy, matrix, ACs, and UI; SoD-5 preserved; the record's operator cannot silently inspect it.
- Trade-off: a Must-priority FR's role clause is superseded — recorded explicitly here and in the traceability matrix so the deviation is governed, not silent. An Administrator who needs an audit answer requests it from an Auditor/officer (proportional at ≤20 users).",,Approved,,,,,,"{""v1"": {""front_matter"": {}}}",
ADR-0028,ADR-0028: Serialize Audited Write-Commands via a Transaction-Scoped Application Lock (amends ADR-0026),"ADR-0009/0026 made the `AuditEvent` store an append-only, hash-chained log with **UNIQUE indexes on both
`PreviousHash` and `Hash`** (`IX_AuditEvents_PreviousHash`, `IX_AuditEvents_Hash`) so the chain cannot fork, and
made the audit append **same-transaction** with the state change (NFR-042). Each append reads the current chain
tip (`SqlAuditSink.TipHashAsync`) and inserts a row whose `PreviousHash` = that tip.

The `SqlAuditSink` `ponytail:` note accepted, without an application lock, that two **concurrent** appends both
read the same tip and only one can insert — the loser hitting a duplicate-key (SQL 2601/2627) — as negligible at
this deployment's scale (on-prem, ≤20 users). **D-18 disproved ""negligible in practice"":** the P15b live VR
reproduced it on the very first run (the SPA's login-time `Membership.ProfileSynced` append raced a seed
`Research.MissionProposed`, both chained off tip `1f738021` → the loser 500'd and, being same-transaction, rolled
its whole command back). A subsequent 8-way integration stress test then surfaced a **worse** failure mode in CI:
a **deadlock (SQL 1205)**, whose victim's transaction is rolled back entirely — so an in-place retry cannot even
recover it.

The committee chose to close D-18 with a robust, any-concurrency fix rather than accept the tradeoff to P16.","Acquire a **transaction-scoped exclusive application lock** (`sp_getapplock @Resource='acmp-audit-chain',
@LockMode='Exclusive', @LockOwner='Transaction'`) in `AmbientTransaction.EnsureStartedAsync` — i.e. **at tx-open,
immediately after `BeginTransaction`, before the first module write**. Because the ambient transaction opens
lazily on the first module write, this serializes **every audited write-command**: a command holds the lock from
tx-open until `TransactionBehavior` commits/rolls back, so the next command reads a **committed** tip. This makes
the write-command path both fork-free (no 2601) and deadlock-free (consistent lock order + no crosswise tip
contention). It is SQL-Server-only (`sp_getapplock`); a non-SqlServer connection (only hypothetical, in tests)
degrades to no serialization rather than erroring. A lock-timeout raises (`THROW`) so the command fails closed
rather than proceeding unaudited.

**Denial / autocommit path.** A denial (e.g. SoD/`already-voted`) writes no module entity, opens no ambient
transaction, and so holds no tx-open lock; it autocommits its `Denied` row. Concurrent denials can still fork the
chain but — having no crosswise module locks — can only fork, never deadlock. The **bounded retry** in
`SqlAuditSink.AppendAsync` (re-read the advanced tip, recompute, re-insert; ≤16 attempts; catches a 2601/2627 on
either the `PreviousHash` **or** `Hash` index; fails closed on exhaustion) remains as the backstop for this path.","- **Positive:** the audit hash-chain is provably non-forking and deadlock-free under any concurrency; INV-005 and
  NFR-042 hold under contention; no lost or unaudited state change.
- **Negative / accepted:** audited write-commands **serialize globally** (one committing at a time). At ≤20 users
  low-traffic this is negligible; if throughput ever matters, partition the lock per stream — not before.
- **Scope:** no schema/migration change (the lock is runtime-only). `INV-005` is *strengthened*, not changed, so
  this amends ADR-0026 rather than superseding it.
- **Verification:** two Testcontainers integration tests — 8 concurrent write-commands converge with the chain
  intact (serialization), and 8 concurrent denials converge via the retry (backstop) — plus the existing
  same-transaction atomicity suite, all green; the write-command case is proven green **in CI** (where the 1205
  first surfaced).",Approved,,,,,,"{""v1"": {""front_matter"": {}}}",
ADR-0029,"ADR-0029: Read-only ""Linked artifacts"" card on the wiki reading view + make Document a pickable link target","The design's wiki reading view (`ACMP Research & Knowledge.dc.html`, lines 356-363) shows cross-links as a
compact **read-only ""Linked artifacts"" card** (rows of `[key-chip] [title] [chevron]`, each navigating to the
linked artifact). During P15e the reading view instead mounted the shared `TraceabilityPanel` — a documented,
intentional deviation (progress-log:156): the panel is richer (grouped edges) **and** it exposed an ""Add
relationship"" affordance.

The P15 fidelity audit flagged this as an INV-014 divergence (WK10). Force-matching the mockup means the reading
view becomes read-only. But there is a coupled constraint: the shared `ArtifactPicker` only lists
**Topic / Action / Risk** as pickable endpoints (the only types with a FE list source), so a `Document` was never
a selectable *target* from any other artifact's panel. The wiki reading-view panel was therefore the **only** UI
path to create a wiki cross-link, and it was narrow + one-directional (a wiki page could link *out* to a
Topic/Action/Risk; nothing could ever link *to* a wiki page). Simply removing the panel would drop that
capability entirely (edges only via API/seed) — which the operator rejected.","Two coupled changes:

1. **Reading view** — replace `TraceabilityPanel` with a bespoke read-only `WikiLinkedArtifacts` card that
   matches the mockup. It reuses `useArtifactRelationships('Document', id)` (same edges the panel read), unions
   outgoing + incoming, routes each row through `hrefFor` (routable → `Link`, non-routable → plain row, never a
   dead link), and renders nothing when the document has no edges.
2. **Linking** — add `Document` to the shared `ArtifactPicker` (a `useWikiDocuments` list source, gated so it is
   fetched only when Document is offered) and to the **relationship** dialog's pickable set (`CreateRelationshipDialog`
   only — `Document` is not a `DependencyEndpointType`, so the dependency dialog must never offer it). A wiki page
   is now linked from any citing artifact's panel; the incoming edge then appears in the page's Linked-artifacts
   card automatically.

This **removes the wiki reading view's own ""Add relationship"" affordance** but replaces the lost capability with a
richer, bidirectional one: previously a wiki page could only link *out* to Topic/Action/Risk; now any artifact can
link *to* a wiki page (and the page shows it as an incoming link).","- **Positive:** the reading view matches the mockup (INV-014 closed for WK10); wiki linking is preserved and
  strengthened (bidirectional, driven from the citing artifact); no dead links; the shared `TraceabilityPanel`
  and its other consumers are untouched.
- **Negative / accepted:** the linking *direction* changes — you cite a wiki page **from** the referencing
  artifact's panel, not from the wiki page. Every relationship dialog now also fetches the wiki-documents list
  when Document is offered (negligible at ≤20 users; gated off for the dependency dialog).
- **Scope:** frontend only — no backend, schema, or API change. The design `.dc.html` already specifies the
  read-only card, so no design-update is owed for the reading-view cross-links.
- **Verification:** `WikiLinkedArtifacts.test.tsx` (empty → nothing; routable → link; non-routable → plain row);
  `WikiReadingView.test.tsx` (card focused on the document); `ArtifactPicker.test.tsx` (picks a Document target,
  resolving its localized title).",Approved,,,,,,"{""v1"": {""front_matter"": {}}}",
ADR-0030,ADR-0030: Per-ballot crypto hash chaining for closed votes (D-13),"Every vote **state change** (Configured/Open/Close/Ratify) is already hash-chained through the durable
`AuditEvent` store (BL-066, ADR-0009). But the individual ballot rows (`decisions.vote_ballots`) are **not**
themselves chained — the audit chain records *that* a vote closed, not the content of each ballot. A privileged
insider or DBA with direct SQL access (persona P3, threat T-04 / abuse-case AB-1) could therefore
`UPDATE decisions.vote_ballots SET choice = …` or delete a ballot on an already-closed vote and nothing would
detect it: app-layer immutability (no mutators + `RowVersion` + status guards) only defends writes that go
*through* the aggregate. This is the residual tracked as **D-13** (trigger: P16).","Chosen: **option 2.** At `Vote.Close` (where the tally already freezes), seal a hash chain over **all** ballot
rows:

- Order ballots deterministically by voter `sub` (stable, infra-independent — the verifier reproduces the order
  without trusting EF's load order); the hash includes the row's **position index**, so insert/delete/reorder is
  detectable, not only content edits.
- Each ballot `Hash = SHA-256(bc1 | index | voterSub | choice | recused | castAt | commentEn | commentAr | prevHash)`,
  `PreviousHash` linking to the prior ballot, genesis (`0…0`) for the first — the same canonical, null-flag-prefixed
  formula shape as `AuditEvent.ComputeHashV2`. The hashing lives self-contained in `Decisions.Domain`
  (`BallotChain`); it is **not** extracted to a shared helper unless it becomes byte-identical to the audit one
  (avoids coupling Shared↔Decisions).
- **Legacy handling (no backfill):** votes closed before P16 have `ChainSealedAt = null` and are reported
  `Unsealed` (not a tamper) — the verifier skips them. Backfilling historical ballot hashes was rejected as
  disproportionate; new closes are chained, and the AuditEvent state-change chain already covers pre-P16 closes.
- **Verification:** `Vote.VerifyBallotChain()` (first broken index + reason) and `Vote.VerifyTally()` (the frozen
  `tally_json` must still equal a recompute from the chain-verified ballots — catches a forged tally). Both are
  driven nightly by the `IIntegrityVerifier` (D-16/C-INS-02) via a per-module `IIntegrityCheck` seam
  (`VoteChainIntegrityCheck`), which rides ADR-0001 (a read-only same-module check, no new write seam).","- **Positive:** a direct-SQL edit/delete/reorder of a closed vote's ballots, or a forged tally, becomes
  detectable and is alerted + audited nightly. Closes D-13. Two nullable columns (`vote_ballots.PreviousHash/Hash`)
  + `votes.ChainSealedAt`; no new dependency; no PKI.
- **Negative / accepted:** legacy pre-P16 closed votes are not ballot-chained (accepted — proportional).
  Tamper-*evidence*, not prevention: **RISK-SEC-001** stands — colluding chairman+secretary can still co-attest a
  fraudulent vote; the chain makes it detectable and non-repudiable, not impossible. The `bc1` payload formula is
  now a compatibility contract (changing it invalidates every sealed ballot), exactly like the audit formula.",Approved,,,,,,"{""v1"": {""front_matter"": {}}}",
ADR-0031,"ADR-0031: Database-permission audit immutability (least-priv role, DENY UPDATE/DELETE on schema::audit)","The `AuditEvent` store is immutable **at the application layer**: the entity has no public setters and no
delete path, `SaveChanges` only ever `Add`s, and the hash chain makes tampering detectable (ADR-0009/0026).
But the *database* does not yet enforce append-only: a principal with direct SQL access (persona P3 / P4,
threat T-06, abuse-case AB-5) could `UPDATE`/`DELETE` `audit.AuditEvents` rows out-of-band. Control
**C-AUDIT-04** requires DB-permission segregation — the application's SQL principal must hold **no UPDATE/DELETE
grant on `audit.*`**. This is the DB-permission half of deferred-work item **D-16** (the nightly verify job is
the other half, delivered in the same batch under ADR-0030/C-INS-02).","Chosen: **option 2.** Migration `Audit_DenyMutation` (on `AuditDbContext`, schema `audit`), idempotent:

```
IF DATABASE_PRINCIPAL_ID('acmp_app') IS NULL CREATE ROLE acmp_app;
GRANT  SELECT, INSERT ON SCHEMA::audit TO acmp_app;   -- append + read only
DENY   UPDATE, DELETE ON SCHEMA::audit TO acmp_app;   -- no mutation, no deletion
```

**Operator / P18 responsibility (the effectiveness boundary):** the control is only *effective* once the runtime
application connects as a login **mapped to `acmp_app` and NOT a member of `sysadmin` / not the `dbo` user** —
because `sysadmin` and `dbo` bypass `DENY`. In the shipped dev and e2e stacks the app currently connects as
**`sa`**, so the DENY is **inert there today**. Provisioning the least-priv app login (and its secret) is
**P18/operator** work; this migration ships the role + grants now so the switch is a configuration change, not a
code change (NFR-053).","- **Positive:** once the app runs least-priv, the database refuses any UPDATE/DELETE on `audit.AuditEvents` from
  the application principal — closing the C-AUDIT-04 / D-16 DB-permission gap behind the already-`Met`
  AC-017/018. Harmless on current stacks (the `acmp_app` role has no members yet). Proven under a restricted
  login by `AuditImmutabilityDbPermissionTests` (Testcontainers, real SQL Server).
- **Negative / accepted:** **inert until the operator switches the app login** (tracked as a P18/operator
  residual and stated in the `security-controls-audit` register — the verdict is **Partial**, not Met, to avoid
  false assurance). Migrations themselves run as a privileged deploy principal (not the runtime login), so
  schema evolution is unaffected. Full host compromise still defeats it (RISK-SEC-002, accepted).",Approved,,,,,,"{""v1"": {""front_matter"": {}}}",
ADR-0032,ADR-0032: File-backed Docker secrets for all runtime credentials,"Until now the bundled stack injected every credential as a **plain environment variable** interpolated by Docker
Compose from a git-ignored `deploy/.env` (`${MSSQL_SA_PASSWORD}`, `${MINIO_ROOT_PASSWORD}`, the DB password inside
`ConnectionStrings__Acmp`, the Keycloak DB/admin passwords, Webex secrets). No secret *value* is committed, but the
values are visible to anyone with Docker access via `docker inspect` / `/proc/<pid>/environ`, and the release
Definition of Done requires that no secret material live in `docker-compose.yml` or the images. `deployment.md §3.3`
specifies Docker secrets mounted at `/run/secrets`. This ADR records adopting that mechanism.","Chosen: **option 2.**

- **Generation** — `deploy/scripts/gen-secrets.sh` materializes `deploy/secrets/*` (git-ignored, **0644 files inside
  a 0700 dir**) from `deploy/.env`(.example) before compose parses. `deploy/scripts/up.sh` wraps gen-secrets + `docker compose up` as
  the supported single command (NFR-052). CI runs gen-secrets from the committed placeholder `.env.example`.
- **.NET hosts** — `builder.Configuration.AddKeyPerFile(""/run/secrets"", optional: true)` (first-party
  `Microsoft.Extensions.Configuration.KeyPerFile`), added last so a mounted secret outranks appsettings/env, and
  optional so a local `dotnet run` without the mount is unaffected. Secret files are named by config key
  (`ConnectionStrings__Acmp`, `Minio__SecretKey`). **`gen-secrets` writes with `printf '%s'` (never `echo`)** because
  KeyPerFile uses the file content verbatim — a trailing newline would corrupt the connection string.
- **Infra images** — Postgres and MinIO use their native `POSTGRES_PASSWORD_FILE` / `MINIO_ROOT_PASSWORD_FILE`. SQL
  Server (no native `_FILE`) uses an image entrypoint shim (`deploy/scripts/mssql-entrypoint.sh`) that exports the
  password from `MSSQL_SA_PASSWORD_FILE` then `exec`s `sqlservr` — a **no-op when the var is unset**, so non-secret
  usage is unchanged. Keycloak uses a compose entrypoint wrapper that exports its DB + bootstrap passwords from the
  mounted files, then execs `kc.sh` (its `_FILE` support is unreliable across versions).","- **Positive:** no credential value appears in `docker-compose.yml`, the images, or `docker inspect`; verified by a
  rendered-config scan. One mechanism across base/e2e/prod. The `Webex__*` secrets are materialized only when
  `WEBEX_ENABLED=true`, so a disabled adapter leaves no empty files.
- **Negative / accepted:** a bare `docker compose up` is no longer sufficient — the secret files must exist first, so
  `up.sh`/`gen-secrets.sh` (or the CI step) is mandatory; the mssql/Keycloak shims add a thin, tested entrypoint layer;
  and dev/CI still use public placeholder values (zero hardening benefit there, accepted as the cost of one uniform
  mechanism). Secret **files are 0644 inside a 0700 dir**, not 0600: Docker Compose bind-mounts a file-based secret
  keeping its host ownership, so a 0600 file owned by the host user is unreadable by the non-root **container** UID
  (mssql/keycloak/etc.) and the stack fails to start — the 0700 dir provides the host-level confinement instead.
  (chmod is honored on Linux/CI; a Windows dev host ignores it — cosmetic, the dir is git-ignored regardless.)",Approved,,,,,,"{""v1"": {""front_matter"": {}}}",
ADR-0033,ADR-0033: Backup / restore as host scripts (not an in-app Hangfire job),"`deployment.md §6` sketches the nightly backup as a Hangfire recurring job (`IBackupService`). Implementing it that
way pulls SQL `BACKUP DATABASE`, `pg_dump`, `mc mirror`, and off-box `scp` into the .NET application. Most of that is
inherently host/infra work (shelling out to `mc`/`scp`, reaching a second VM over SSH), not application logic.","Chosen: **option 2.** `backup.sh` takes a SQL Server native compressed `.bak` (critical; a failure exits non-zero so
cron alerting fires), plus a guarded Keycloak `pg_dump` and MinIO `mc mirror`, plus an optional off-box `scp` to the
warm standby; `restore.sh` does `RESTORE … WITH REPLACE` and verifies a `decisions.decisions` row count; `promote.sh`
brings the standby up + restores + smokes. Schedule: nightly full + every-4h business-day (NFR-057 RPO ≤4h).","- **Positive:** backup tooling and SSH custody stay out of the app; operators can inspect/run/schedule everything;
  the SQL `BACKUP`/`RESTORE` core is validated (seed → backup → delete → restore round-trips the data).
- **Negative / accepted:** no Hangfire dashboard visibility or automatic retry for the backup run — alerting is the
  cron exit code + the SQL error, and the durable in-app record is the nightly **integrity-verify** job (ADR-0030),
  which is separate. The MinIO/Keycloak/off-box legs are guarded (degrade rather than fail the SQL backup) and are
  fully exercised only against the running prod stack + a real standby (operator-side; documented in the runbook).",Approved,,,,,,"{""v1"": {""front_matter"": {}}}",
ADR-0034,"ADR-0034: Host ACMP on AWS EC2 + Docker Compose (amends ADR-0013, CON-001, CON-003, INV-003)",The charter fixed a self-contained on-prem deployment (ADR-0013; CON-001 'self-contained… only external dependency = Webex'; CON-003 'on-prem VM + Docker Compose; no Kubernetes'; INV-003 'zero external runtime services in v1'). The operator now requires internet-facing staging and production environments. AWS free tier is exhausted (account 565393059398 created 2024-11-02; 12-month tier expired 2025-11-02) and would not fit regardless: the SQL Server container needs >=2 GiB RAM (MS Learn) and free-tier t3.micro has 1 GiB.,"Deploy on AWS EC2 (t3.medium, 2 vCPU / 4 GiB, us-east-1 — cheapest region, verified via the AWS Pricing API at $0.0416/hr vs $0.0502 in the Middle East regions) running the same Docker Compose model, one single-host stack per environment. Keeps CON-003's Compose model and INV-002's single-host posture; crosses only the 'on-prem' wording of ADR-0013/CON-001/INV-003, which this ADR amends. Launch T3 in CpuCredits=standard (not the default unlimited) to cap CPU spend. Rollback is roll-forward-only: EF migrations are forward-only and db-migrate runs before the app, so an older image against a migrated schema is unsupported; recovery is restore-from-backup. RATIFIED by the operator on 2026-07-24 (plan cozy-scribbling-music.md rev2).","Positive: real staging + production, standard cloud operations, Route 53 DNS, reserved-instance savings (~31%). Negative/accepted: recurring cost with no free-tier cushion (~$45/mo on-demand); a previously org-network-only app becomes internet-facing (mitigated by a 443-plus-SSM-only security group and the P16 ASVS L2 controls); single instance, single AZ, no HA (accepted under CON-004; RTO<=8h via restore).",Approved,,,,,,,
ADR-0035,ADR-0035: Amazon S3 replaces self-hosted MinIO for object storage (supersedes the object-storage clause of ADR-0014; amends ADR-0025),"ADR-0014 chose self-hosted MinIO for recording/attachment storage; ADR-0025 presigns MinIO GETs for playback via an nginx /acmp-recordings/ proxy. Running MinIO costs ~512 MB RAM per environment on a 4 GiB box, and the operator asked to use managed S3 to save resources. S3 is an external managed service, which crosses INV-003/CON-001 (self-contained).","Store recordings and attachments in Amazon S3 (one bucket per environment: acmp-uat-recordings / acmp-prod-recordings; Block Public Access on; SSE-S3; versioning on; AbortIncompleteMultipartUpload lifecycle). The bucket name becomes configuration (Storage:RecordingsBucket), replacing the hardcoded const in three handlers (DEF-015). Per the operator's choice, reuse the existing Minio .NET SDK pointed at S3 with a bucket-scoped IAM user key in a Docker secret — GATED by a spike proving SigV4/region/multipart/presign work against real S3 (unproven: the SDK README claims only 'S3-compatible', never AWS); documented fallback to AWSSDK.S3 behind the existing IFileStore seam. Presign direct to S3 and delete the nginx proxy; add a CSP media-src entry matching the actual presign host style. RATIFIED 2026-07-24.","Positive: ~512 MB RAM reclaimed per environment; managed durability/versioning replaces the mc-mirror backup leg; no MinIO to operate. Negative/accepted: a long-lived IAM access key lives on-box (mitigated by bucket-scoped policy, Docker secret, rotation; upgrade path = EC2 instance role via AWSSDK.S3); S3 is a new external runtime dependency crossing INV-003/CON-001, amended here.",Approved,,,,,,,
ADR-0036,ADR-0036: Keycloak persists to the ACMP SQL Server (amends ADR-0015; retires OQ-038; restores INV-002 + CON-002),"ADR-0015 self-hosts Keycloak with its own Postgres store (OQ-038 chose a dedicated Postgres-for-Keycloak). That is a second database engine, in tension with INV-002 (no second database) and CON-002 (the database must be SQL Server), and costs ~512 MB RAM per environment. Keycloak officially supports SQL Server (keycloak.org/server/db: mssql, tested 2022).","Point Keycloak at the existing SQL Server via KC_DB=mssql, in a separate database 'keycloak' on the same instance, with sendStringParametersAsUnicode=false. Two SQL-Server-specific requirements, both handled in the sqlserver-init one-shot before Keycloak starts: (1) SET READ_COMMITTED_SNAPSHOT ON — mandatory per Keycloak docs to avoid deadlocks; GUARDED by DATABASEPROPERTYEX so it does not block on redeploy when connections are live; (2) Keycloak runs Liquibase DDL on startup so its login keycloak_svc needs db_owner ON THE keycloak DATABASE ONLY. This does NOT reopen the ADR-0031 objection ('db_owner can REVOKE the DENY'): that DENY protects schema::audit in the Acmp database, where keycloak_svc has no principal. Delete the keycloak-db Postgres container. Gated by a spike proving prod-mode Keycloak-on-mssql behind /kc/ with a full PKCE round-trip. RATIFIED 2026-07-24.","Positive: one database engine (restores INV-002/CON-002), ~512 MB RAM reclaimed, one fewer container, backup covers both DBs uniformly. Negative/accepted: SQL Express hosts two 10 GB databases on one instance; a failed Liquibase run can hold DATABASECHANGELOGLOCK (unwedge procedure in the DR runbook). Retires OQ-038.",Approved,,,,,,,
ADR-0037,"ADR-0037: Two subdomain environments, consolidated service set, promotion by image digest via ECR","The app is built for root-path hosting (apiClient uses an origin-relative /api; authConfig derives redirect_uri from window.location.origin), so path-prefix hosting (/acmp, /acmp/uat) would require source changes in four files plus per-env builds. There is no image-publish path today (CI builds images only inside the e2e job and destroys them). Building images on a 4 GiB box that also runs SQL Server would OOM.","Host each environment on its own subdomain — acmp.anas7ammo.dev and uat.acmp.anas7ammo.dev — needing zero source changes (only per-env OIDC authority + Keycloak redirect URIs). Describe the cloud topology in a STANDALONE deploy/docker-compose.cloud.yml, leaving deploy/docker-compose.yml (the dev/e2e base) untouched so main's e2e cannot regress; Compose overlays cannot subtract a service, so a separate file is the correct mechanism. Build images in GitHub Actions, push to ECR, and pull on the box; VITE_OIDC_AUTHORITY is a build arg so the web image is per-environment (web:<sha>-uat / -prod). Promote a UAT-tested image DIGEST to production, never a rebuild. Run SQL Server Express in BOTH environments so staging tests what production runs. RATIFIED 2026-07-24.","Positive: zero source changes for hosting; clean origin isolation for cookies/CSP/tokens; reproducible promotion; main stays green. Negative/accepted: two web images per commit (runtime OIDC-config injection would collapse them — deferred, OQ-061); a real CD pipeline is net-new work (slice P24).",Approved,,,,,,,
